Row ID,Order ID,Order Date,Ship Date,Ship Mode,Customer ID,Customer Name,Segment,Country,City,State,Postal Code,Region,Product ID,Category,Sub-Category,Product Name,Sales,Order Year,Order Month,Order Quarter,Days to Ship,_order_date_str,_ship_date_str
9751,CA-2017-113390,2017-10-11,2017-10-15,Standard Class,EP-13915,Emily Phan,Consumer,United States,Chicago,Illinois,60610,Central,OFF-AR-10003183,Office Supplies,Art,Avery Fluorescent Highlighter Four-Color Set,5.344,2017,10,4,4,2017-10-11,2017-10-15
9752,CA-2017-113390,2017-10-11,2017-10-15,Standard Class,EP-13915,Emily Phan,Consumer,United States,Chicago,Illinois,60610,Central,OFF-AR-10001446,Office Supplies,Art,Newell 309,27.72,2017,10,4,4,2017-10-11,2017-10-15
9753,US-2017-158680,2017-07-01,2017-07-02,First Class,NZ-18565,Nick Zandusky,Home Office,United States,Seattle,Washington,98115,West,OFF-BI-10000145,Office Supplies,Binders,Zipper Ring Binder Pockets,2.496,2017,7,3,1,2017-07-01,2017-07-02
9754,CA-2018-113705,2018-03-27,2018-03-29,Second Class,LC-16870,Lena Cacioppo,Consumer,United States,Richmond,Virginia,23223,South,OFF-LA-10000476,Office Supplies,Labels,"Avery 05222 Permanent Self-Adhesive File Folder Labels for Typewriters, on Rolls, White, 250/Roll",8.26,2018,3,1,2,2018-03-27,2018-03-29
9755,CA-2018-113705,2018-03-27,2018-03-29,Second Class,LC-16870,Lena Cacioppo,Consumer,United States,Richmond,Virginia,23223,South,OFF-BI-10001679,Office Supplies,Binders,GBC Instant Index System for Binding Systems,17.76,2018,3,1,2,2018-03-27,2018-03-29
9756,CA-2018-113705,2018-03-27,2018-03-29,Second Class,LC-16870,Lena Cacioppo,Consumer,United States,Richmond,Virginia,23223,South,OFF-ST-10001128,Office Supplies,Storage,"Carina Mini System Audio Rack, Model AR050B",332.94,2018,3,1,2,2018-03-27,2018-03-29
9757,CA-2018-113705,2018-03-27,2018-03-29,Second Class,LC-16870,Lena Cacioppo,Consumer,United States,Richmond,Virginia,23223,South,FUR-TA-10002533,Furniture,Tables,BPI Conference Tables,292.1,2018,3,1,2,2018-03-27,2018-03-29
9758,CA-2018-113705,2018-03-27,2018-03-29,Second Class,LC-16870,Lena Cacioppo,Consumer,United States,Richmond,Virginia,23223,South,TEC-PH-10004006,Technology,Phones,Panasonic KX - TS880B Telephone,206.1,2018,3,1,2,2018-03-27,2018-03-29
9759,CA-2018-113705,2018-03-27,2018-03-29,Second Class,LC-16870,Lena Cacioppo,Consumer,United States,Richmond,Virginia,23223,South,OFF-PA-10002615,Office Supplies,Paper,"Ampad Gold Fibre Wirebound Steno Books, 6"" x 9"", Gregg Ruled",17.64,2018,3,1,2,2018-03-27,2018-03-29
9760,CA-2017-146913,2017-10-31,2017-11-05,Standard Class,SF-20965,Sylvia Foulston,Corporate,United States,San Francisco,California,94109,West,FUR-CH-10001854,Furniture,Chairs,Office Star - Professional Matrix Back Chair with 2-to-1 Synchro Tilt and Mesh Fabric Seat,1403.92,2017,10,4,5,2017-10-31,2017-11-05
9761,CA-2018-159135,2018-11-04,2018-11-08,Standard Class,KM-16375,Katherine Murray,Home Office,United States,Springdale,Arkansas,72762,South,OFF-AR-10000657,Office Supplies,Art,"Binney & Smith inkTank Desk Highlighter, Chisel Tip, Yellow, 12/Box",4.3,2018,11,4,4,2018-11-04,2018-11-08
9762,CA-2015-121762,2015-02-14,2015-02-18,Standard Class,ML-17395,Marina Lichtenstein,Corporate,United States,Seattle,Washington,98103,West,TEC-AC-10000736,Technology,Accessories,Logitech G600 MMO Gaming Mouse,239.97,2015,2,1,4,2015-02-14,2015-02-18
9763,CA-2015-121762,2015-02-14,2015-02-18,Standard Class,ML-17395,Marina Lichtenstein,Corporate,United States,Seattle,Washington,98103,West,OFF-AP-10001293,Office Supplies,Appliances,Belkin 8 Outlet Surge Protector,81.96,2015,2,1,4,2015-02-14,2015-02-18
9764,CA-2015-121762,2015-02-14,2015-02-18,Standard Class,ML-17395,Marina Lichtenstein,Corporate,United States,Seattle,Washington,98103,West,OFF-SU-10000157,Office Supplies,Supplies,Compact Automatic Electric Letter Opener,238.62,2015,2,1,4,2015-02-14,2015-02-18
9765,CA-2015-123855,2015-06-18,2015-06-23,Standard Class,MC-18100,Mick Crebagga,Consumer,United States,Los Angeles,California,90036,West,TEC-PH-10000215,Technology,Phones,Plantronics Cordless Phone Headset with In-line Volume - M214C,139.8,2015,6,2,5,2015-06-18,2015-06-23
9766,CA-2018-101959,2018-02-28,2018-03-06,Standard Class,DB-13660,Duane Benoit,Consumer,United States,Middletown,Connecticut,6457,East,OFF-BI-10001757,Office Supplies,Binders,Pressboard Hanging Data Binders for Unburst Sheets,9.84,2018,2,1,6,2018-02-28,2018-03-06
9767,CA-2018-101959,2018-02-28,2018-03-06,Standard Class,DB-13660,Duane Benoit,Consumer,United States,Middletown,Connecticut,6457,East,OFF-PA-10002137,Office Supplies,Paper,"Southworth 100% Résumé Paper, 24lb.",7.78,2018,2,1,6,2018-02-28,2018-03-06
9768,CA-2018-102659,2018-12-09,2018-12-15,Standard Class,LW-17215,Luke Weiss,Consumer,United States,Grand Rapids,Michigan,49505,Central,OFF-BI-10000088,Office Supplies,Binders,GBC Imprintable Covers,54.9,2018,12,4,6,2018-12-09,2018-12-15
9769,CA-2018-142328,2018-12-07,2018-12-14,Standard Class,TC-21535,Tracy Collins,Home Office,United States,San Francisco,California,94122,West,OFF-PA-10000380,Office Supplies,Paper,"REDIFORM Incoming/Outgoing Call Register, 11"" X 8 1/2"", 100 Messages",50.04,2018,12,4,7,2018-12-07,2018-12-14
9770,CA-2017-123533,2017-11-24,2017-11-30,Standard Class,SC-20050,Sample Company A,Home Office,United States,Hialeah,Florida,33012,South,FUR-BO-10001619,Furniture,Bookcases,O'Sullivan Cherrywood Estates Traditional Bookcase,339.92,2017,11,4,6,2017-11-24,2017-11-30
9771,CA-2017-123533,2017-11-24,2017-11-30,Standard Class,SC-20050,Sample Company A,Home Office,United States,Hialeah,Florida,33012,South,OFF-PA-10001609,Office Supplies,Paper,Tops Wirebound Message Log Books,10.528,2017,11,4,6,2017-11-24,2017-11-30
9772,CA-2017-123533,2017-11-24,2017-11-30,Standard Class,SC-20050,Sample Company A,Home Office,United States,Hialeah,Florida,33012,South,OFF-AP-10002765,Office Supplies,Appliances,Fellowes Advanced Computer Series Surge Protectors,42.384,2017,11,4,6,2017-11-24,2017-11-30
9773,CA-2017-104983,2017-07-03,2017-07-03,Same Day,FM-14215,Filia McAdams,Corporate,United States,Philadelphia,Pennsylvania,19143,East,OFF-PA-10000167,Office Supplies,Paper,Xerox 1925,123.92,2017,7,3,0,2017-07-03,2017-07-03
9774,CA-2017-160234,2017-06-26,2017-07-03,Standard Class,PF-19225,Phillip Flathmann,Consumer,United States,Atlanta,Georgia,30318,South,TEC-PH-10004434,Technology,Phones,Cisco IP Phone 7961G VoIP phone - Dark gray,135.95,2017,6,2,7,2017-06-26,2017-07-03
9775,CA-2015-169019,2015-07-26,2015-07-30,Standard Class,LF-17185,Luke Foster,Consumer,United States,San Antonio,Texas,78207,Central,OFF-BI-10004995,Office Supplies,Binders,GBC DocuBind P400 Electric Binding System,2177.584,2015,7,3,4,2015-07-26,2015-07-30
9776,CA-2015-169019,2015-07-26,2015-07-30,Standard Class,LF-17185,Luke Foster,Consumer,United States,San Antonio,Texas,78207,Central,FUR-FU-10004666,Furniture,Furnishings,DAX Clear Channel Poster Frame,17.496,2015,7,3,4,2015-07-26,2015-07-30
9777,CA-2015-169019,2015-07-26,2015-07-30,Standard Class,LF-17185,Luke Foster,Consumer,United States,San Antonio,Texas,78207,Central,OFF-BI-10001524,Office Supplies,Binders,GBC Premium Transparent Covers with Diagonal Lined Pattern,16.784,2015,7,3,4,2015-07-26,2015-07-30
9778,CA-2015-169019,2015-07-26,2015-07-30,Standard Class,LF-17185,Luke Foster,Consumer,United States,San Antonio,Texas,78207,Central,TEC-AC-10002076,Technology,Accessories,Microsoft Natural Keyboard Elite,431.136,2015,7,3,4,2015-07-26,2015-07-30
9779,CA-2015-169019,2015-07-26,2015-07-30,Standard Class,LF-17185,Luke Foster,Consumer,United States,San Antonio,Texas,78207,Central,OFF-BI-10001679,Office Supplies,Binders,GBC Instant Index System for Binding Systems,8.88,2015,7,3,4,2015-07-26,2015-07-30
9780,CA-2015-169019,2015-07-26,2015-07-30,Standard Class,LF-17185,Luke Foster,Consumer,United States,San Antonio,Texas,78207,Central,OFF-AP-10003281,Office Supplies,Appliances,Acco 6 Outlet Guardian Standard Surge Suppressor,4.836,2015,7,3,4,2015-07-26,2015-07-30
9781,CA-2017-153178,2017-09-14,2017-09-18,Standard Class,CL-12565,Clay Ludtke,Consumer,United States,Long Beach,New York,11561,East,TEC-PH-10001944,Technology,Phones,Wi-Ex zBoost YX540 Cellular Phone Signal Booster,437.85,2017,9,3,4,2017-09-14,2017-09-18
9782,CA-2017-153178,2017-09-14,2017-09-18,Standard Class,CL-12565,Clay Ludtke,Consumer,United States,Long Beach,New York,11561,East,OFF-BI-10004390,Office Supplies,Binders,GBC DocuBind 200 Manual Binding Machine,673.568,2017,9,3,4,2017-09-14,2017-09-18
9783,CA-2016-149748,2016-05-31,2016-06-02,Second Class,EM-13825,Elizabeth Moffitt,Corporate,United States,Paterson,New Jersey,7501,East,OFF-PA-10002120,Office Supplies,Paper,Xerox 1889,274.8,2016,5,2,2,2016-05-31,2016-06-02
9784,CA-2016-149748,2016-05-31,2016-06-02,Second Class,EM-13825,Elizabeth Moffitt,Corporate,United States,Paterson,New Jersey,7501,East,OFF-ST-10004340,Office Supplies,Storage,"Fellowes Mobile File Cart, Black",62.18,2016,5,2,2,2016-05-31,2016-06-02
9785,CA-2016-149748,2016-05-31,2016-06-02,Second Class,EM-13825,Elizabeth Moffitt,Corporate,United States,Paterson,New Jersey,7501,East,FUR-FU-10001847,Furniture,Furnishings,Eldon Image Series Black Desk Accessories,8.28,2016,5,2,2,2016-05-31,2016-06-02
9786,CA-2016-155635,2016-05-09,2016-05-13,Standard Class,ME-17725,Max Engle,Consumer,United States,Louisville,Kentucky,40214,South,OFF-BI-10000962,Office Supplies,Binders,"Acco Flexible ACCOHIDE Square Ring Data Binder, Dark Blue, 11 1/2"" X 14"" 7/8""",48.81,2016,5,2,4,2016-05-09,2016-05-13
9787,US-2015-114377,2015-11-05,2015-11-05,Same Day,BG-11035,Barry Gonzalez,Consumer,United States,Hampton,Virginia,23666,South,FUR-CH-10004754,Furniture,Chairs,"Global Stack Chair with Arms, Black",149.9,2015,11,4,0,2015-11-05,2015-11-05
9788,CA-2018-144491,2018-03-27,2018-04-01,Standard Class,CJ-12010,Caroline Jumper,Consumer,United States,Houston,Texas,77070,Central,FUR-BO-10001811,Furniture,Bookcases,"Atlantic Metals Mobile 5-Shelf Bookcases, Custom Colors",1023.332,2018,3,1,5,2018-03-27,2018-04-01
9789,CA-2018-144491,2018-03-27,2018-04-01,Standard Class,CJ-12010,Caroline Jumper,Consumer,United States,Houston,Texas,77070,Central,FUR-CH-10004063,Furniture,Chairs,Global Deluxe High-Back Manager's Chair,600.558,2018,3,1,5,2018-03-27,2018-04-01
9790,CA-2018-144491,2018-03-27,2018-04-01,Standard Class,CJ-12010,Caroline Jumper,Consumer,United States,Houston,Texas,77070,Central,TEC-AC-10004901,Technology,Accessories,Kensington SlimBlade Notebook Wireless Mouse with Nano Receiver,39.992,2018,3,1,5,2018-03-27,2018-04-01
9791,CA-2018-144491,2018-03-27,2018-04-01,Standard Class,CJ-12010,Caroline Jumper,Consumer,United States,Houston,Texas,77070,Central,FUR-CH-10001714,Furniture,Chairs,"Global Leather & Oak Executive Chair, Burgundy",211.246,2018,3,1,5,2018-03-27,2018-04-01
9792,CA-2015-127166,2015-05-21,2015-05-23,Second Class,KH-16360,Katherine Hughes,Consumer,United States,Houston,Texas,77070,Central,OFF-EN-10003134,Office Supplies,Envelopes,Staple envelope,56.064,2015,5,2,2,2015-05-21,2015-05-23
9793,CA-2015-127166,2015-05-21,2015-05-23,Second Class,KH-16360,Katherine Hughes,Consumer,United States,Houston,Texas,77070,Central,FUR-CH-10003396,Furniture,Chairs,Global Deluxe Steno Chair,107.772,2015,5,2,2,2015-05-21,2015-05-23
9794,CA-2015-127166,2015-05-21,2015-05-23,Second Class,KH-16360,Katherine Hughes,Consumer,United States,Houston,Texas,77070,Central,OFF-PA-10001560,Office Supplies,Paper,"Adams Telephone Message Books, 5 1/4” x 11”",4.832,2015,5,2,2,2015-05-21,2015-05-23
9795,CA-2015-127166,2015-05-21,2015-05-23,Second Class,KH-16360,Katherine Hughes,Consumer,United States,Houston,Texas,77070,Central,OFF-BI-10000977,Office Supplies,Binders,Ibico Plastic Spiral Binding Combs,18.24,2015,5,2,2,2015-05-21,2015-05-23
9796,CA-2017-125920,2017-05-21,2017-05-28,Standard Class,SH-19975,Sally Hughsby,Corporate,United States,Chicago,Illinois,60610,Central,OFF-BI-10003429,Office Supplies,Binders,"Cardinal HOLDit! Binder Insert Strips,Extra Strips",3.798,2017,5,2,7,2017-05-21,2017-05-28
9797,CA-2016-128608,2016-01-12,2016-01-17,Standard Class,CS-12490,Cindy Schnelling,Corporate,United States,Toledo,Ohio,43615,East,OFF-AR-10001374,Office Supplies,Art,"BIC Brite Liner Highlighters, Chisel Tip",10.368,2016,1,1,5,2016-01-12,2016-01-17
9798,CA-2016-128608,2016-01-12,2016-01-17,Standard Class,CS-12490,Cindy Schnelling,Corporate,United States,Toledo,Ohio,43615,East,TEC-PH-10004977,Technology,Phones,GE 30524EE4,235.188,2016,1,1,5,2016-01-12,2016-01-17
9799,CA-2016-128608,2016-01-12,2016-01-17,Standard Class,CS-12490,Cindy Schnelling,Corporate,United States,Toledo,Ohio,43615,East,TEC-PH-10000912,Technology,Phones,Anker 24W Portable Micro USB Car Charger,26.376,2016,1,1,5,2016-01-12,2016-01-17
9800,CA-2016-128608,2016-01-12,2016-01-17,Standard Class,CS-12490,Cindy Schnelling,Corporate,United States,Toledo,Ohio,43615,East,TEC-AC-10000487,Technology,Accessories,SanDisk Cruzer 4 GB USB Flash Drive,10.384,2016,1,1,5,2016-01-12,2016-01-17
